College Code,College Name,Branch Code,Branch Name,OC,BC,BCM,MBC,SC,SCA,ST
1,"University Departments of Anna University, Chennai - CEG Campus, Sardar Patel Road, Guindy, Chennai 600025",BY,"BIO MEDICAL ENGINEERING (SS)",139.3333,,,,,,
1,"University Departments of Anna University, Chennai - CEG Campus, Sardar Patel Road, Guindy, Chennai 600025",CE,"CIVIL ENGINEERING",184,,,,,,
1,"University Departments of Anna University, Chennai - CEG Campus, Sardar Patel Road, Guindy, Chennai 600025",CM,"COMPUTER SCIENCE AND ENGINEERING (SS)",198,,,,,,
1,"University Departments of Anna University, Chennai - CEG Campus, Sardar Patel Road, Guindy, Chennai 600025",CS,"COMPUTER SCIENCE AND ENGINEERING",199,,,,,,
1,"University Departments of Anna University, Chennai - CEG Campus, Sardar Patel Road, Guindy, Chennai 600025",EC,"ELECTRONICS AND COMMUNICATION ENGINEERING",198,,,,,,
1,"University Departments of Anna University, Chennai - CEG Campus, Sardar Patel Road, Guindy, Chennai 600025",EE,"ELECTRICAL AND ELECTRONICS ENGINEERING",189.5,,,,,,
1,"University Departments of Anna University, Chennai - CEG Campus, Sardar Patel Road, Guindy, Chennai 600025",EL,"Electronics Engineering (VLSI Design and Technology) (SS)",174,,,,,,
1,"University Departments of Anna University, Chennai - CEG Campus, Sardar Patel Road, Guindy, Chennai 600025",EM,"ELECTRONICS AND COMMUNICATION ENGINEERING (SS)",190,,,,,,
1,"University Departments of Anna University, Chennai - CEG Campus, Sardar Patel Road, Guindy, Chennai 600025",IE,"INDUSTRIAL ENGINEERING",185,,,,,,
1,"University Departments of Anna University, Chennai - CEG Campus, Sardar Patel Road, Guindy, Chennai 600025",IM,"INFORMATION TECHNOLOGY (SS)",197,196.5,187,,,,,
1,"University Departments of Anna University, Chennai - CEG Campus, Sardar Patel Road, Guindy, Chennai 600025",MA,"MATERIAL SCIENCE AND ENGINEERING (SS)",164,,,,,,
1,"University Departments of Anna University, Chennai - CEG Campus, Sardar Patel Road, Guindy, Chennai 600025",ME,"MECHANICAL ENGINEERING",188.5,188,,,,,
1,"University Departments of Anna University, Chennai - CEG Campus, Sardar Patel Road, Guindy, Chennai 600025",MI,"MINING ENGINEERING",159,,,,,,
1,"University Departments of Anna University, Chennai - CEG Campus, Sardar Patel Road, Guindy, Chennai 600025",MN,"MANUFACTURING ENGINEERING",186.5,,,,,,
1,"University Departments of Anna University, Chennai - CEG Campus, Sardar Patel Road, Guindy, Chennai 600025",PT,"PRINTING & PACKING TECHNOLOGY",150,,,,,,
1,"University Departments of Anna University, Chennai - CEG Campus, Sardar Patel Road, Guindy, Chennai 600025",XC,"CIVIL ENGINEERING (TAMIL MEDIUM)",141.5,,,,,,
1,"University Departments of Anna University, Chennai - CEG Campus, Sardar Patel Road, Guindy, Chennai 600025",XM,"MECHANICAL ENGINEERING (TAMIL MEDIUM)",171.5,,,,,,
2,"University Departments of Anna University, Chennai - ACT Campus, Sardar Patel Road, Guindy, Chennai 600025",CH,"CHEMICAL ENGINEERING",175,,,,,,
2,"University Departments of Anna University, Chennai - ACT Campus, Sardar Patel Road, Guindy, Chennai 600025",CL,"CHEMICAL ENGINEERING (SS)",131,,,,,,
2,"University Departments of Anna University, Chennai - ACT Campus, Sardar Patel Road, Guindy, Chennai 600025",CR,"CERAMIC TECHNOLOGY (SS)",151.5,,,,,,
2,"University Departments of Anna University, Chennai - ACT Campus, Sardar Patel Road, Guindy, Chennai 600025",FS,"FOOD TECHNOLOGY (SS)",131.5,,,,,,
2,"University Departments of Anna University, Chennai - ACT Campus, Sardar Patel Road, Guindy, Chennai 600025",LE,"LEATHER TECHNOLOGY",135.5,,,,,,
2,"University Departments of Anna University, Chennai - ACT Campus, Sardar Patel Road, Guindy, Chennai 600025",PP,"PETROLEUM ENGINEERING AND TECHNOLOGY (SS)",172,,,,,,
2,"University Departments of Anna University, Chennai - ACT Campus, Sardar Patel Road, Guindy, Chennai 600025",TX,"TEXTILE TECHNOLOGY",168,,,,,,
4,"University Departments of Anna University, Chennai - MIT Campus, Chrompet, Tambaram Taluk, Chengalpattu District 600044",AE,"AERONAUTICAL ENGINEERING",168.5,,,,,,
4,"University Departments of Anna University, Chennai - MIT Campus, Chrompet, Tambaram Taluk, Chengalpattu District 600044",AT,"ARTIFICIAL INTELLIGENCE AND DATA SCIENCE (SS)",182,,,,,,
4,"University Departments of Anna University, Chennai - MIT Campus, Chrompet, Tambaram Taluk, Chengalpattu District 600044",AU,"AUTOMOBILE ENGINEERING",156.5,,,,,,
4,"University Departments of Anna University, Chennai - MIT Campus, Chrompet, Tambaram Taluk, Chengalpattu District 600044",CM,"COMPUTER SCIENCE AND ENGINEERING (SS)",194.5,193,,,,,
4,"University Departments of Anna University, Chennai - MIT Campus, Chrompet, Tambaram Taluk, Chengalpattu District 600044",CS,"COMPUTER SCIENCE AND ENGINEERING",197,,,,,,
4,"University Departments of Anna University, Chennai - MIT Campus, Chrompet, Tambaram Taluk, Chengalpattu District 600044",EC,"ELECTRONICS AND COMMUNICATION ENGINEERING",175,,,,,,
4,"University Departments of Anna University, Chennai - MIT Campus, Chrompet, Tambaram Taluk, Chengalpattu District 600044",EI,"ELECTRONICS AND INSTRUMENTATION ENGINEERING",165,,,,,,
4,"University Departments of Anna University, Chennai - MIT Campus, Chrompet, Tambaram Taluk, Chengalpattu District 600044",EM,"ELECTRONICS AND COMMUNICATION ENGINEERING (SS)",195,,,,,,
4,"University Departments of Anna University, Chennai - MIT Campus, Chrompet, Tambaram Taluk, Chengalpattu District 600044",IM,"INFORMATION TECHNOLOGY (SS)",189.5,189,,,,,
4,"University Departments of Anna University, Chennai - MIT Campus, Chrompet, Tambaram Taluk, Chengalpattu District 600044",PR,"PRODUCTION ENGINEERING",180,,,,,,
4,"University Departments of Anna University, Chennai - MIT Campus, Chrompet, Tambaram Taluk, Chengalpattu District 600044",RA,"ROBOTICS AND AUTOMATION (SS)",199,,,,,,
4,"University Departments of Anna University, Chennai - MIT Campus, Chrompet, Tambaram Taluk, Chengalpattu District 600044",RP,"RUBBER AND PLASTIC TECHNOLOGY",162,,,,,,
5,"Annamalai University, Faculty of Engineering and Technology, Annamalai Nagar, Cuddalore",AM,"COMPUTER SCIENCE AND ENGINEERING (AI AND MACHINE LEARNING)",150.5,,,,,,
5,"Annamalai University, Faculty of Engineering and Technology, Annamalai Nagar, Cuddalore",CE,"CIVIL ENGINEERING",142.5,,,,,,
5,"Annamalai University, Faculty of Engineering and Technology, Annamalai Nagar, Cuddalore",CF,"COMPUTER SCIENCE AND ENGINEERING (DATA SCIENCE)",149,,,,,,
5,"Annamalai University, Faculty of Engineering and Technology, Annamalai Nagar, Cuddalore",CH,"CHEMICAL ENGINEERING",127.5,125,,,,,
5,"Annamalai University, Faculty of Engineering and Technology, Annamalai Nagar, Cuddalore",CS,"COMPUTER SCIENCE AND ENGINEERING",148,,,,,,
5,"Annamalai University, Faculty of Engineering and Technology, Annamalai Nagar, Cuddalore",EE,"ELECTRICAL AND ELECTRONICS ENGINEERING",155.5,130,,,,,
5,"Annamalai University, Faculty of Engineering and Technology, Annamalai Nagar, Cuddalore",EI,"ELECTRONICS AND INSTRUMENTATION ENGINEERING",162,,,,,,
5,"Annamalai University, Faculty of Engineering and Technology, Annamalai Nagar, Cuddalore",IT,"INFORMATION TECHNOLOGY",150,,,,,,
5,"Annamalai University, Faculty of Engineering and Technology, Annamalai Nagar, Cuddalore",ME,"MECHANICAL ENGINEERING",147,138,,,,,,
1013,"University College of Engineering, Villupuram, Kakuppam, Villupuram District 605103",CS,"COMPUTER SCIENCE AND ENGINEERING",140.5,,,,,,
1013,"University College of Engineering, Villupuram, Kakuppam, Villupuram District 605103",EC,"ELECTRONICS AND COMMUNICATION ENGINEERING",130.5,,,,,,
1014,"University College of Engineering, Tindivanam, Melpakkam, Tindivanam, Villupuram District 604001",IT,"INFORMATION TECHNOLOGY",174,130,,,,,
1026,"University College of Engineering, Kancheepuram, Ponnerikarai Campus, NH4, Chennai-Bangalore Highway, Karaipettai Village & Post, Kancheepuram District 631552",EC,"ELECTRONICS AND COMMUNICATION ENGINEERING",132.5,,,,,,
1113,"R.M.K. Engineering College (Autonomous), R.S.M. Nagar, Kavaraipettai, Gummidipoondi Taluk, Thiruvallur-601206",AD,"ARTIFICIAL INTELLIGENCE AND DATA SCIENCE",161,,,,,,
1114,"S.A. Engineering College (Autonomous), Poonamallee-Avadi Road, Thiruverkadu Post, Tiruvallur, Chennai-600077",EC,"ELECTRONICS AND COMMUNICATION ENGINEERING",108,,,,,,
1114,"S.A. Engineering College (Autonomous), Poonamallee-Avadi Road, Thiruverkadu Post, Tiruvallur, Chennai-600077",ME,"MECHANICAL ENGINEERING",129,,,,,,
1115,"SriRam Engineering College, Perumalpattu, Veppampattu R.S., Tiruvallur District, Chennai-602024",CS,"COMPUTER SCIENCE AND ENGINEERING",118.5,,,,,,
1122,"Vel Tech High Tech Dr.Rangarajan Dr.Sakunthala Engineering College (Autonomous), No. 60, Veltech Road, Avadi, Morai, Thiruvallur-600062",AD,"ARTIFICIAL INTELLIGENCE AND DATA SCIENCE",132,,,,,,
1137,"Annai Mira College of Engineering and Technology, Arappakkam Village, Arcot Road, Walaja Taluk, Vellore District-632517",CS,"COMPUTER SCIENCE AND ENGINEERING",119,,,,,,
1202,"DMI College of Engineering (Autonomous), St.Joseph's Town, Mevalurkuppam B Village, Nazarethpet Post, Palanchur, Kanchipuram, Chennai-600123",CS,"COMPUTER SCIENCE AND ENGINEERING",103,,,,,,
1210,"Panimalar Engineering College (Autonomous), Bangalore Trunk Road, NazarathPet, Varadharajapuram, Poonamallee, Thiruvallur (DT), Chennai-600123",CS,"COMPUTER SCIENCE AND ENGINEERING",116.5,,,,,,
1210,"Panimalar Engineering College (Autonomous), Bangalore Trunk Road, NazarathPet, Varadharajapuram, Poonamallee, Thiruvallur (DT), Chennai-600123",IT,"INFORMATION TECHNOLOGY",149,,,,,,
1211,"Rajalakshmi Engineering College (Autonomous), Rajalakshmi Nagar, Thandalam, Kanchipuram, Chennai-602105",AD,"ARTIFICIAL INTELLIGENCE AND DATA SCIENCE",140,,,,,,
1211,"Rajalakshmi Engineering College (Autonomous), Rajalakshmi Nagar, Thandalam, Kanchipuram, Chennai-602105",AL,"ARTIFICIAL INTELLIGENCE AND MACHINE LEARNING",153,,,,,,
1211,"Rajalakshmi Engineering College (Autonomous), Rajalakshmi Nagar, Thandalam, Kanchipuram, Chennai-602105",CS,"COMPUTER SCIENCE AND ENGINEERING",166.5,123,,,,,
1211,"Rajalakshmi Engineering College (Autonomous), Rajalakshmi Nagar, Thandalam, Kanchipuram, Chennai-602105",EC,"ELECTRONICS AND COMMUNICATION ENGINEERING",166,133,,,,,,
1211,"Rajalakshmi Engineering College (Autonomous), Rajalakshmi Nagar, Thandalam, Kanchipuram, Chennai-602105",IT,"INFORMATION TECHNOLOGY",164,134.5,,,,,,
1211,"Rajalakshmi Engineering College (Autonomous), Rajalakshmi Nagar, Thandalam, Kanchipuram, Chennai-602105",SC,"COMPUTER SCIENCE AND ENGINEERING (CYBER SECURITY)",143,,,,,,
1219,"Sri Venkateswara College of Engineering (Autonomous), Post Bag No.3, Pennalur, Sriperumbudur, Kanchipuram-602105",AD,"ARTIFICIAL INTELLIGENCE AND DATA SCIENCE",149,,,,,,
1219,"Sri Venkateswara College of Engineering (Autonomous), Post Bag No.3, Pennalur, Sriperumbudur, Kanchipuram-602105",IT,"INFORMATION TECHNOLOGY",161,,,,,,
1226,"P.T.Lee Chengalvaraya Naicker College of Engineering and Technology, Oovery, Veliyur Post, Kanchipuram District-631502",CS,"COMPUTER SCIENCE AND ENGINEERING",150.5,,,,,,
1229,"Indira Institute of Engineering and Technology, No.1, V.G.R Nagar, V.G.R Gardens, Pandur, Thiruvallur-631203",ME,"MECHANICAL ENGINEERING",112.5,,,,,,
1230,"Apollo Engineering College, Mevaloorkuppam, Valarpuram Post, Sriperumbudur Taluk, Kanchipuram District-602105",AE,"AERONAUTICAL ENGINEERING",139,,,,,,
1232,"ARM College of Engineering and Technology, Sattamangalam, Maraimalainagar Post, Chengalpattu Taluk, Kanchipuram Dist-603209",EE,"ELECTRICAL AND ELECTRONICS ENGINEERING",156,,,,,,
1232,"ARM College of Engineering and Technology, Sattamangalam, Maraimalainagar Post, Chengalpattu Taluk, Kanchipuram Dist-603209",SC,"COMPUTER SCIENCE AND ENGINEERING (CYBER SECURITY)",162.5,,,,,,
1233,"Adhi College of Engineering and Technology, No. 6, Munu Adhi Nagar, Sankarapuram, Puliambakkam Post, Near Wallajabad, Kancheepuram-631605",ME,"MECHANICAL ENGINEERING",121,,,,,,
1303,"Anand Institute of Higher Technology, Kalasalingam Nagar, Old Mahabalipuram Road, Kazhipattur Village, Chengalpattu Taluk, Kancheepuram District-603103",CS,"COMPUTER SCIENCE AND ENGINEERING",118.5,,,,,,
1304,"Easwari Engineering College (Autonomous), Bharathi Salai, Ramapuram, Chennai-600089",AM,"COMPUTER SCIENCE AND ENGINEERING (AI AND MACHINE LEARNING)",138,,,,,,
1304,"Easwari Engineering College (Autonomous), Bharathi Salai, Ramapuram, Chennai-600089",ME,"MECHANICAL ENGINEERING",127,,,,,,
1315,"Sri Sivasubramaniya Nadar College of Engineering (Autonomous), Rajiv Gandhi Salai (OMR), Kalavakkam, Kanchipuram District-603110",CH,"CHEMICAL ENGINEERING",152,,,,,,
1315,"Sri Sivasubramaniya Nadar College of Engineering (Autonomous), Rajiv Gandhi Salai (OMR), Kalavakkam, Kanchipuram District-603110",CS,"COMPUTER SCIENCE AND ENGINEERING",191.5,165,,,,,
1315,"Sri Sivasubramaniya Nadar College of Engineering (Autonomous), Rajiv Gandhi Salai (OMR), Kalavakkam, Kanchipuram District-603110",EC,"ELECTRONICS AND COMMUNICATION ENGINEERING",190.5,,,,,,
1315,"Sri Sivasubramaniya Nadar College of Engineering (Autonomous), Rajiv Gandhi Salai (OMR), Kalavakkam, Kanchipuram District-603110",EE,"ELECTRICAL AND ELECTRONICS ENGINEERING",187.5,,,,,,
1315,"Sri Sivasubramaniya Nadar College of Engineering (Autonomous), Rajiv Gandhi Salai (OMR), Kalavakkam, Kanchipuram District-603110",IT,"INFORMATION TECHNOLOGY",197.5,161.5,,,,,
1315,"Sri Sivasubramaniya Nadar College of Engineering (Autonomous), Rajiv Gandhi Salai (OMR), Kalavakkam, Kanchipuram District-603110",ME,"MECHANICAL ENGINEERING",178,172,,,,,,
1317,"St. Joseph's College of Engineering (Autonomous), Jeppiaar Nagar, Old Mamallapuram Road, Kanchipuram, Chennai-600119",ME,"MECHANICAL ENGINEERING",138,,,,,,
1321,"Central Institute of Petrochemicals Engineering and Technology (Formerly CIPET), Guindy, Chennai 600032",PA,"PLASTIC TECHNOLOGY",160.5,,,,,,
1322,"Dhanalakshmi Srinivasan College of Engineering and Technology, ECR, Poonjeri, Mamallapuram, Kanchipuram-603104",AD,"ARTIFICIAL INTELLIGENCE AND DATA SCIENCE",120,115.5,,,,,
1322,"Dhanalakshmi Srinivasan College of Engineering and Technology, ECR, Poonjeri, Mamallapuram, Kanchipuram-603104",AE,"AERONAUTICAL ENGINEERING",131,,,,,,
1322,"Dhanalakshmi Srinivasan College of Engineering and Technology, ECR, Poonjeri, Mamallapuram, Kanchipuram-603104",EE,"ELECTRICAL AND ELECTRONICS ENGINEERING",150,,,,,,
1324,"Sri Sai Ram Institute of Technology (Autonomous), Sai Leo Nagar, Dharkast Road, West Tambaram, Kanchipuram, Chennai-600044",EC,"ELECTRONICS AND COMMUNICATION ENGINEERING",123.5,,,,,,
1399,"Chennai Institute of Technology (Autonomous), Puduper Village, Nandambakkam Post, Kundrathur, Chennai 600069",AD,"ARTIFICIAL INTELLIGENCE AND DATA SCIENCE",153,144.5,,,,,
1399,"Chennai Institute of Technology (Autonomous), Puduper Village, Nandambakkam Post, Kundrathur, Chennai 600069",CS,"COMPUTER SCIENCE AND ENGINEERING",128.5,,,,,,
1399,"Chennai Institute of Technology (Autonomous), Puduper Village, Nandambakkam Post, Kundrathur, Chennai 600069",EA,"Electronics and Communication (Advanced Communication Technology)",142,,,,,,
1399,"Chennai Institute of Technology (Autonomous), Puduper Village, Nandambakkam Post, Kundrathur, Chennai 600069",EC,"ELECTRONICS AND COMMUNICATION ENGINEERING",148,,,,,,
1399,"Chennai Institute of Technology (Autonomous), Puduper Village, Nandambakkam Post, Kundrathur, Chennai 600069",IT,"INFORMATION TECHNOLOGY",185,,,,,,
1399,"Chennai Institute of Technology (Autonomous), Puduper Village, Nandambakkam Post, Kundrathur, Chennai 600069",ME,"MECHANICAL ENGINEERING",152,,,,,,
1399,"Chennai Institute of Technology (Autonomous), Puduper Village, Nandambakkam Post, Kundrathur, Chennai 600069",MZ,"MECHATRONICS ENGINEERING",145,,,,,,
1402,"Annai Teresa College of Engineering, Thirunavalur, Ulundurpet Taluk, Villupuram District-607204",EC,"ELECTRONICS AND COMMUNICATION ENGINEERING",127,,,,,,
1402,"Annai Teresa College of Engineering, Thirunavalur, Ulundurpet Taluk, Villupuram District-607204",EE,"ELECTRICAL AND ELECTRONICS ENGINEERING",120,,,,,,
1412,"Mailam Engineering College, Mailam, Tindivanam Taluk, Villupuram District-604304",CS,"COMPUTER SCIENCE AND ENGINEERING",134.5,,,,,,
1419,"Sri Sai Ram Engineering College (Autonomous), Sai Leo Nagar, Poonthandalam Village, Dharkast Post, West Tambram, Kanchipuram, Chennai-600044",ME,"MECHANICAL ENGINEERING",139,135.5,,,,,,
1421,"V.R.S. College of Engineering and Technology, Arasur & Post, Ulundurpet Taluk, Villupuram District-607107",CS,"COMPUTER SCIENCE AND ENGINEERING",111,,,,,,
1421,"V.R.S. College of Engineering and Technology, Arasur & Post, Ulundurpet Taluk, Villupuram District-607107",EE,"ELECTRICAL AND ELECTRONICS ENGINEERING",118,,,,,,
1422,"SRM Valliammai Engineering College (Autonomous), S.R.M. Nagar, Kattankulathur, Chengalpattu, Kancheepuram, Chennai-603203",CS,"COMPUTER SCIENCE AND ENGINEERING",142.5,,,,,,
1427,"Sri Krishna Engineering College, Panapakkam, Near Padappai Via Tambaram, Kanchipuram, Chennai-601301",CS,"COMPUTER SCIENCE AND ENGINEERING",164,,,,,,
1430,"Maha Barathi Engineering College, A. Vasudevanur (post), Chinnasalem, Kallakurichi (Taluk), Villupuram-606201",EC,"ELECTRONICS AND COMMUNICATION ENGINEERING",138.5,,,,,,
1437,"Rrase College of Engineering, Vanjuvancherry, Padappai, Sriperumbadur, Kancheepuram-601301",EE,"ELECTRICAL AND ELECTRONICS ENGINEERING",135.5,,,,,,
1444,"R.M.Engineering College (formerly Chendu College of Engineering and Technology), Zamin Endathur Village, Madurantakam, Kanchipuram-603311",SC,"COMPUTER SCIENCE AND ENGINEERING (CYBER SECURITY)",123,,,,,,
1450,"Loyola-ICAM College of Engineering and Technology, Loyola College Campus, Chennai-600034",CS,"COMPUTER SCIENCE AND ENGINEERING",133.5,,,,,,
1450,"Loyola-ICAM College of Engineering and Technology, Loyola College Campus, Chennai-600034",ME,"MECHANICAL ENGINEERING",128.5,,,,,,
1452,"PERI Institute of Technology (Autonomous), Mannivakkam, Tambaram, Kancheepuram, Chennai-600048",CS,"COMPUTER SCIENCE AND ENGINEERING",146.5,,,,,,
1510,"Priyadarshini Engineering College, Chettiyappanur Village & Post, Vaniyambadi, Vellore-635751",CS,"COMPUTER SCIENCE AND ENGINEERING",113,,,,,,
1510,"Priyadarshini Engineering College, Chettiyappanur Village & Post, Vaniyambadi, Vellore-635751",EC,"ELECTRONICS AND COMMUNICATION ENGINEERING",113,,,,,,
1510,"Priyadarshini Engineering College, Chettiyappanur Village & Post, Vaniyambadi, Vellore-635751",IT,"INFORMATION TECHNOLOGY",124.5,,,,,,
1510,"Priyadarshini Engineering College, Chettiyappanur Village & Post, Vaniyambadi, Vellore-635751",ME,"MECHANICAL ENGINEERING",130,,,,,,
1511,"Ranippettai Engineering College, Thenkadappanthangal, Vellore District 632513",EE,"ELECTRICAL AND ELECTRONICS ENGINEERING",126,,,,,,
1512,"S.K.P. Engineering College, Chinnkangiyanur, Somasipadi Post, Tiruvannamalai District-606611",ME,"MECHANICAL ENGINEERING",116,,,,,,
1516,"Thanthai Periyar Government Institute of Technology, Bagayam, Vellore District 632002",CE,"CIVIL ENGINEERING",133,,,,,,
1516,"Thanthai Periyar Government Institute of Technology, Bagayam, Vellore District 632002",CS,"COMPUTER SCIENCE AND ENGINEERING",170,,,,,,
1516,"Thanthai Periyar Government Institute of Technology, Bagayam, Vellore District 632002",EC,"ELECTRONICS AND COMMUNICATION ENGINEERING",166.5,159,167,,,,,
1516,"Thanthai Periyar Government Institute of Technology, Bagayam, Vellore District 632002",EE,"ELECTRICAL AND ELECTRONICS ENGINEERING",148,,,,,,
1516,"Thanthai Periyar Government Institute of Technology, Bagayam, Vellore District 632002",ME,"MECHANICAL ENGINEERING",158,126,,,,,,
1518,"Thiruvalluvar College of Engineering and Technology, Arunachala City, Ponnur Hills, Vandavasi, Thiruvannamalai District-604505",AM,"COMPUTER SCIENCE AND ENGINEERING (AI AND MACHINE LEARNING)",124,,,,,,
1518,"Thiruvalluvar College of Engineering and Technology, Arunachala City, Ponnur Hills, Vandavasi, Thiruvannamalai District-604505",EC,"ELECTRONICS AND COMMUNICATION ENGINEERING",126.5,,,,,,
1518,"Thiruvalluvar College of Engineering and Technology, Arunachala City, Ponnur Hills, Vandavasi, Thiruvannamalai District-604505",EE,"ELECTRICAL AND ELECTRONICS ENGINEERING",117,,,,,,
1518,"Thiruvalluvar College of Engineering and Technology, Arunachala City, Ponnur Hills, Vandavasi, Thiruvannamalai District-604505",ME,"MECHANICAL ENGINEERING",116,,,,,,
1519,"Bharathidasan Engineering College, K.Bandarapalli Post, Nattrampalli, Vellore District-635854",AD,"ARTIFICIAL INTELLIGENCE AND DATA SCIENCE",116.5,,,,,,
1519,"Bharathidasan Engineering College, K.Bandarapalli Post, Nattrampalli, Vellore District-635854",IT,"INFORMATION TECHNOLOGY",124.5,,,,,,
1525,"Podhigai College of Engineering and Technology, Salem Main Road, Adiyur Post, Tirupattur Taluk, Tirupattur, Vellore District-635601",ME,"MECHANICAL ENGINEERING",112.5,,,,,,
College Code,College Name,Branch Code,Branch Name,OC,BC,BCM,MBC,SC,SCA,ST
1527,"Kingston Engineering College, Chithoor Cuddalore Road, Christianpet Village, Katpadi Taluk, Vellore District-632059",EC,"ELECTRONICS AND COMMUNICATION ENGINEERING",119,,,,,,
1527,"Kingston Engineering College, Chithoor Cuddalore Road, Christianpet Village, Katpadi Taluk, Vellore District-632059",EE,"ELECTRICAL AND ELECTRONICS ENGINEERING",111,,,,,,
1527,"Kingston Engineering College, Chithoor Cuddalore Road, Christianpet Village, Katpadi Taluk, Vellore District-632059",IT,"INFORMATION TECHNOLOGY",114,,,,,,
1527,"Kingston Engineering College, Chithoor Cuddalore Road, Christianpet Village, Katpadi Taluk, Vellore District-632059",ME,"MECHANICAL ENGINEERING",116,,,,,,
1528,"Ganadipathy Tulsi’s Jain Engineering College, Kaniyambadi, Vellore District-632102",CS,"COMPUTER SCIENCE AND ENGINEERING",116,,,,,,
1528,"Ganadipathy Tulsi’s Jain Engineering College, Kaniyambadi, Vellore District-632102",EC,"ELECTRONICS AND COMMUNICATION ENGINEERING",117,,,,,,
1528,"Ganadipathy Tulsi’s Jain Engineering College, Kaniyambadi, Vellore District-632102",IT,"INFORMATION TECHNOLOGY",119,,,,,,
1528,"Ganadipathy Tulsi’s Jain Engineering College, Kaniyambadi, Vellore District-632102",ME,"MECHANICAL ENGINEERING",112,,,,,,
1534,"Global Institute of Engineering and Technology, Melvisharam, Vellore District-632509",CS,"COMPUTER SCIENCE AND ENGINEERING",117,,,,,,
1534,"Global Institute of Engineering and Technology, Melvisharam, Vellore District-632509",EC,"ELECTRONICS AND COMMUNICATION ENGINEERING",111,,,,,,
1534,"Global Institute of Engineering and Technology, Melvisharam, Vellore District-632509",EE,"ELECTRICAL AND ELECTRONICS ENGINEERING",113,,,,,,
1534,"Global Institute of Engineering and Technology, Melvisharam, Vellore District-632509",ME,"MECHANICAL ENGINEERING",112,,,,,,
1536,"Velammal Engineering College (Autonomous), Ambattur-Redhills Road, Surapet, Chennai-600066",CS,"COMPUTER SCIENCE AND ENGINEERING",156,,,,,,
1536,"Velammal Engineering College (Autonomous), Ambattur-Redhills Road, Surapet, Chennai-600066",EC,"ELECTRONICS AND COMMUNICATION ENGINEERING",143,,,,,,
1536,"Velammal Engineering College (Autonomous), Ambattur-Redhills Road, Surapet, Chennai-600066",EE,"ELECTRICAL AND ELECTRONICS ENGINEERING",140,,,,,,
1536,"Velammal Engineering College (Autonomous), Ambattur-Redhills Road, Surapet, Chennai-600066",IT,"INFORMATION TECHNOLOGY",150,,,,,,
1536,"Velammal Engineering College (Autonomous), Ambattur-Redhills Road, Surapet, Chennai-600066",ME,"MECHANICAL ENGINEERING",137,,,,,,
1540,"Velammal Institute of Technology, Panchetti, Ponneri Taluk, Thiruvallur District-601204",CS,"COMPUTER SCIENCE AND ENGINEERING",140,,,,,,
1540,"Velammal Institute of Technology, Panchetti, Ponneri Taluk, Thiruvallur District-601204",EC,"ELECTRONICS AND COMMUNICATION ENGINEERING",132,,,,,,
1540,"Velammal Institute of Technology, Panchetti, Ponneri Taluk, Thiruvallur District-601204",IT,"INFORMATION TECHNOLOGY",138,,,,,,
1540,"Velammal Institute of Technology, Panchetti, Ponneri Taluk, Thiruvallur District-601204",ME,"MECHANICAL ENGINEERING",129,,,,,,
1543,"Velammal College of Engineering and Technology (Autonomous), Madurai-Tuticorin NH Road, Viraganoor, Madurai District-625009",CS,"COMPUTER SCIENCE AND ENGINEERING",145,,,,,,
1543,"Velammal College of Engineering and Technology (Autonomous), Madurai-Tuticorin NH Road, Viraganoor, Madurai District-625009",EC,"ELECTRONICS AND COMMUNICATION ENGINEERING",140,,,,,,
1543,"Velammal College of Engineering and Technology (Autonomous), Madurai-Tuticorin NH Road, Viraganoor, Madurai District-625009",EE,"ELECTRICAL AND ELECTRONICS ENGINEERING",135,,,,,,
1543,"Velammal College of Engineering and Technology (Autonomous), Madurai-Tuticorin NH Road, Viraganoor, Madurai District-625009",IT,"INFORMATION TECHNOLOGY",142,,,,,,
1543,"Velammal College of Engineering and Technology (Autonomous), Madurai-Tuticorin NH Road, Viraganoor, Madurai District-625009",ME,"MECHANICAL ENGINEERING",131,,,,,,
1546,"Velammal Institute of Technology, Thiruvallur District",CS,"COMPUTER SCIENCE AND ENGINEERING",133,,,,,,
1546,"Velammal Institute of Technology, Thiruvallur District",EC,"ELECTRONICS AND COMMUNICATION ENGINEERING",128,,,,,,
1546,"Velammal Institute of Technology, Thiruvallur District",EE,"ELECTRICAL AND ELECTRONICS ENGINEERING",125,,,,,,
1546,"Velammal Institute of Technology, Thiruvallur District",IT,"INFORMATION TECHNOLOGY",131,,,,,,
1546,"Velammal Institute of Technology, Thiruvallur District",ME,"MECHANICAL ENGINEERING",127,,,,,,
1550,"Vel Tech Multi Tech Dr.Rangarajan Dr.Sakunthala Engineering College (Autonomous), Avadi, Thiruvallur District-600062",CS,"COMPUTER SCIENCE AND ENGINEERING",136,,,,,,
1550,"Vel Tech Multi Tech Dr.Rangarajan Dr.Sakunthala Engineering College (Autonomous), Avadi, Thiruvallur District-600062",EC,"ELECTRONICS AND COMMUNICATION ENGINEERING",130,,,,,,
1550,"Vel Tech Multi Tech Dr.Rangarajan Dr.Sakunthala Engineering College (Autonomous), Avadi, Thiruvallur District-600062",IT,"INFORMATION TECHNOLOGY",134,,,,,,
1550,"Vel Tech Multi Tech Dr.Rangarajan Dr.Sakunthala Engineering College (Autonomous), Avadi, Thiruvallur District-600062",ME,"MECHANICAL ENGINEERING",122,,,,,,
College Code,College Name,Branch Code,Branch Name,OC,BC,BCM,MBC,SC,SCA,ST
1551,"Vel Tech High Tech Dr.Rangarajan Dr.Sakunthala Engineering College (Autonomous), Avadi, Thiruvallur District-600062",CS,"COMPUTER SCIENCE AND ENGINEERING",135,,,,,,
1551,"Vel Tech High Tech Dr.Rangarajan Dr.Sakunthala Engineering College (Autonomous), Avadi, Thiruvallur District-600062",EC,"ELECTRONICS AND COMMUNICATION ENGINEERING",129,,,,,,
1551,"Vel Tech High Tech Dr.Rangarajan Dr.Sakunthala Engineering College (Autonomous), Avadi, Thiruvallur District-600062",IT,"INFORMATION TECHNOLOGY",132,,,,,,
1551,"Vel Tech High Tech Dr.Rangarajan Dr.Sakunthala Engineering College (Autonomous), Avadi, Thiruvallur District-600062",ME,"MECHANICAL ENGINEERING",120,,,,,,
1555,"Velammal College of Engineering, Chennai",CS,"COMPUTER SCIENCE AND ENGINEERING",141,,,,,,
1555,"Velammal College of Engineering, Chennai",EC,"ELECTRONICS AND COMMUNICATION ENGINEERING",136,,,,,,
1555,"Velammal College of Engineering, Chennai",IT,"INFORMATION TECHNOLOGY",139,,,,,,
1555,"Velammal College of Engineering, Chennai",ME,"MECHANICAL ENGINEERING",125,,,,,,
1602,"Madha Engineering College, Kundrathur, Chennai-600069",CS,"COMPUTER SCIENCE AND ENGINEERING",112,,,,,,
1602,"Madha Engineering College, Kundrathur, Chennai-600069",EC,"ELECTRONICS AND COMMUNICATION ENGINEERING",108,,,,,,
1602,"Madha Engineering College, Kundrathur, Chennai-600069",IT,"INFORMATION TECHNOLOGY",110,,,,,,
1602,"Madha Engineering College, Kundrathur, Chennai-600069",ME,"MECHANICAL ENGINEERING",106,,,,,,
1608,"Madha Institute of Engineering and Technology, Kundrathur, Chennai-600069",CS,"COMPUTER SCIENCE AND ENGINEERING",113,,,,,,
1608,"Madha Institute of Engineering and Technology, Kundrathur, Chennai-600069",EC,"ELECTRONICS AND COMMUNICATION ENGINEERING",109,,,,,,
1608,"Madha Institute of Engineering and Technology, Kundrathur, Chennai-600069",IT,"INFORMATION TECHNOLOGY",111,,,,,,
1608,"Madha Institute of Engineering and Technology, Kundrathur, Chennai-600069",ME,"MECHANICAL ENGINEERING",107,,,,,,
1611,"Saveetha Engineering College (Autonomous), Sriperumbudur Taluk, Kanchipuram District-602105",CS,"COMPUTER SCIENCE AND ENGINEERING",167,,,,,,
1611,"Saveetha Engineering College (Autonomous), Sriperumbudur Taluk, Kanchipuram District-602105",EC,"ELECTRONICS AND COMMUNICATION ENGINEERING",158,,,,,,
1611,"Saveetha Engineering College (Autonomous), Sriperumbudur Taluk, Kanchipuram District-602105",EE,"ELECTRICAL AND ELECTRONICS ENGINEERING",154,,,,,,
1611,"Saveetha Engineering College (Autonomous), Sriperumbudur Taluk, Kanchipuram District-602105",IT,"INFORMATION TECHNOLOGY",162,,,,,,
1611,"Saveetha Engineering College (Autonomous), Sriperumbudur Taluk, Kanchipuram District-602105",ME,"MECHANICAL ENGINEERING",147,,,,,,
1617,"Saveetha School of Engineering, Thandalam, Chennai-602105",CS,"COMPUTER SCIENCE AND ENGINEERING",142,,,,,,
1617,"Saveetha School of Engineering, Thandalam, Chennai-602105",EC,"ELECTRONICS AND COMMUNICATION ENGINEERING",136,,,,,,
1617,"Saveetha School of Engineering, Thandalam, Chennai-602105",IT,"INFORMATION TECHNOLOGY",139,,,,,,
1617,"Saveetha School of Engineering, Thandalam, Chennai-602105",ME,"MECHANICAL ENGINEERING",126,,,,,,
1621,"Jeppiaar Engineering College (Autonomous), Rajiv Gandhi Salai, Semmenchery, Chennai-600119",CS,"COMPUTER SCIENCE AND ENGINEERING",148,,,,,,
1621,"Jeppiaar Engineering College (Autonomous), Rajiv Gandhi Salai, Semmenchery, Chennai-600119",EC,"ELECTRONICS AND COMMUNICATION ENGINEERING",141,,,,,,
1621,"Jeppiaar Engineering College (Autonomous), Rajiv Gandhi Salai, Semmenchery, Chennai-600119",IT,"INFORMATION TECHNOLOGY",145,,,,,,
1621,"Jeppiaar Engineering College (Autonomous), Rajiv Gandhi Salai, Semmenchery, Chennai-600119",ME,"MECHANICAL ENGINEERING",132,,,,,,
1623,"Jeppiaar Maamallan Engineering College, Sriperumbudur Taluk, Kanchipuram District-602105",CS,"COMPUTER SCIENCE AND ENGINEERING",120,,,,,,
1623,"Jeppiaar Maamallan Engineering College, Sriperumbudur Taluk, Kanchipuram District-602105",EC,"ELECTRONICS AND COMMUNICATION ENGINEERING",115,,,,,,
1623,"Jeppiaar Maamallan Engineering College, Sriperumbudur Taluk, Kanchipuram District-602105",IT,"INFORMATION TECHNOLOGY",118,,,,,,
1623,"Jeppiaar Maamallan Engineering College, Sriperumbudur Taluk, Kanchipuram District-602105",ME,"MECHANICAL ENGINEERING",111,,,,,,
1625,"Agni College of Technology, Thalambur, Chennai-600130",CS,"COMPUTER SCIENCE AND ENGINEERING",123,,,,,,
1625,"Agni College of Technology, Thalambur, Chennai-600130",EC,"ELECTRONICS AND COMMUNICATION ENGINEERING",118,,,,,,
1625,"Agni College of Technology, Thalambur, Chennai-600130",IT,"INFORMATION TECHNOLOGY",121,,,,,,
1625,"Agni College of Technology, Thalambur, Chennai-600130",ME,"MECHANICAL ENGINEERING",114,,,,,,
1627,"St.Joseph’s Institute of Technology, Old Mamallapuram Road, Semmenchery, Chennai-600119",CS,"COMPUTER SCIENCE AND ENGINEERING",146,,,,,,
1627,"St.Joseph’s Institute of Technology, Old Mamallapuram Road, Semmenchery, Chennai-600119",EC,"ELECTRONICS AND COMMUNICATION ENGINEERING",140,,,,,,
1627,"St.Joseph’s Institute of Technology, Old Mamallapuram Road, Semmenchery, Chennai-600119",IT,"INFORMATION TECHNOLOGY",143,,,,,,
1627,"St.Joseph’s Institute of Technology, Old Mamallapuram Road, Semmenchery, Chennai-600119",ME,"MECHANICAL ENGINEERING",130,,,,,,
1633,"Jeppiaar Institute of Technology, Sriperumbudur Taluk, Kanchipuram District-602105",CS,"COMPUTER SCIENCE AND ENGINEERING",119,,,,,,
1633,"Jeppiaar Institute of Technology, Sriperumbudur Taluk, Kanchipuram District-602105",EC,"ELECTRONICS AND COMMUNICATION ENGINEERING",114,,,,,,
1633,"Jeppiaar Institute of Technology, Sriperumbudur Taluk, Kanchipuram District-602105",IT,"INFORMATION TECHNOLOGY",117,,,,,,
1633,"Jeppiaar Institute of Technology, Sriperumbudur Taluk, Kanchipuram District-602105",ME,"MECHANICAL ENGINEERING",110,,,,,,
College Code,College Name,Branch Code,Branch Name,OC,BC,BCM,MBC,SC,SCA,ST
1636,"Sri Muthukumaran Institute of Technology, Mangadu, Chennai-600069",CS,"COMPUTER SCIENCE AND ENGINEERING",121,,,,,,
1636,"Sri Muthukumaran Institute of Technology, Mangadu, Chennai-600069",EC,"ELECTRONICS AND COMMUNICATION ENGINEERING",116,,,,,,
1636,"Sri Muthukumaran Institute of Technology, Mangadu, Chennai-600069",IT,"INFORMATION TECHNOLOGY",119,,,,,,
1636,"Sri Muthukumaran Institute of Technology, Mangadu, Chennai-600069",ME,"MECHANICAL ENGINEERING",112,,,,,,
1640,"St. Peter’s College of Engineering and Technology, Avadi, Chennai-600054",CS,"COMPUTER SCIENCE AND ENGINEERING",124,,,,,,
1640,"St. Peter’s College of Engineering and Technology, Avadi, Chennai-600054",EC,"ELECTRONICS AND COMMUNICATION ENGINEERING",119,,,,,,
1640,"St. Peter’s College of Engineering and Technology, Avadi, Chennai-600054",IT,"INFORMATION TECHNOLOGY",122,,,,,,
1640,"St. Peter’s College of Engineering and Technology, Avadi, Chennai-600054",ME,"MECHANICAL ENGINEERING",114,,,,,,
1642,"Sri Ramanujar Engineering College, Vandalur, Chennai-600048",CS,"COMPUTER SCIENCE AND ENGINEERING",118,,,,,,
1642,"Sri Ramanujar Engineering College, Vandalur, Chennai-600048",EC,"ELECTRONICS AND COMMUNICATION ENGINEERING",113,,,,,,
1642,"Sri Ramanujar Engineering College, Vandalur, Chennai-600048",IT,"INFORMATION TECHNOLOGY",115,,,,,,
1642,"Sri Ramanujar Engineering College, Vandalur, Chennai-600048",ME,"MECHANICAL ENGINEERING",110,,,,,,
1645,"Bharath Institute of Higher Education and Research, Selaiyur, Chennai-600073",CS,"COMPUTER SCIENCE AND ENGINEERING",135,,,,,,
1645,"Bharath Institute of Higher Education and Research, Selaiyur, Chennai-600073",EC,"ELECTRONICS AND COMMUNICATION ENGINEERING",129,,,,,,
1645,"Bharath Institute of Higher Education and Research, Selaiyur, Chennai-600073",IT,"INFORMATION TECHNOLOGY",132,,,,,,
1645,"Bharath Institute of Higher Education and Research, Selaiyur, Chennai-600073",ME,"MECHANICAL ENGINEERING",120,,,,,,
1650,"Sri Venkateswaraa College of Technology, Sriperumbudur Taluk, Kanchipuram District-602105",CS,"COMPUTER SCIENCE AND ENGINEERING",122,,,,,,
1650,"Sri Venkateswaraa College of Technology, Sriperumbudur Taluk, Kanchipuram District-602105",EC,"ELECTRONICS AND COMMUNICATION ENGINEERING",117,,,,,,
1650,"Sri Venkateswaraa College of Technology, Sriperumbudur Taluk, Kanchipuram District-602105",IT,"INFORMATION TECHNOLOGY",120,,,,,,
1650,"Sri Venkateswaraa College of Technology, Sriperumbudur Taluk, Kanchipuram District-602105",ME,"MECHANICAL ENGINEERING",112,,,,,,
1652,"Sri Krishna Institute of Technology, Panapakkam, Chennai-601301",CS,"COMPUTER SCIENCE AND ENGINEERING",115,,,,,,
1652,"Sri Krishna Institute of Technology, Panapakkam, Chennai-601301",EC,"ELECTRONICS AND COMMUNICATION ENGINEERING",110,,,,,,
1652,"Sri Krishna Institute of Technology, Panapakkam, Chennai-601301",IT,"INFORMATION TECHNOLOGY",113,,,,,,
1652,"Sri Krishna Institute of Technology, Panapakkam, Chennai-601301",ME,"MECHANICAL ENGINEERING",107,,,,,,
1655,"Sri Venkateswara College of Engineering and Technology, Thiruvallur District",CS,"COMPUTER SCIENCE AND ENGINEERING",119,,,,,,
1655,"Sri Venkateswara College of Engineering and Technology, Thiruvallur District",EC,"ELECTRONICS AND COMMUNICATION ENGINEERING",114,,,,,,
1655,"Sri Venkateswara College of Engineering and Technology, Thiruvallur District",IT,"INFORMATION TECHNOLOGY",116,,,,,,
1655,"Sri Venkateswara College of Engineering and Technology, Thiruvallur District",ME,"MECHANICAL ENGINEERING",110,,,,,,
1660,"Sri Balaji Chokkalingam Engineering College, Arni, Thiruvannamalai District-632317",CS,"COMPUTER SCIENCE AND ENGINEERING",117,,,,,,
1660,"Sri Balaji Chokkalingam Engineering College, Arni, Thiruvannamalai District-632317",EC,"ELECTRONICS AND COMMUNICATION ENGINEERING",111,,,,,,
1660,"Sri Balaji Chokkalingam Engineering College, Arni, Thiruvannamalai District-632317",IT,"INFORMATION TECHNOLOGY",114,,,,,,
1660,"Sri Balaji Chokkalingam Engineering College, Arni, Thiruvannamalai District-632317",ME,"MECHANICAL ENGINEERING",108,,,,,,
1665,"Sri Krishna Engineering and Technology, Kanchipuram District",CS,"COMPUTER SCIENCE AND ENGINEERING",121,,,,,,
1665,"Sri Krishna Engineering and Technology, Kanchipuram District",EC,"ELECTRONICS AND COMMUNICATION ENGINEERING",116,,,,,,
1665,"Sri Krishna Engineering and Technology, Kanchipuram District",IT,"INFORMATION TECHNOLOGY",119,,,,,,
1665,"Sri Krishna Engineering and Technology, Kanchipuram District",ME,"MECHANICAL ENGINEERING",112,,,,,,
1670,"Sri Sairam Engineering College, Chennai-600044",CS,"COMPUTER SCIENCE AND ENGINEERING",165,,,,,,
1670,"Sri Sairam Engineering College, Chennai-600044",EC,"ELECTRONICS AND COMMUNICATION ENGINEERING",157,,,,,,
1670,"Sri Sairam Engineering College, Chennai-600044",EE,"ELECTRICAL AND ELECTRONICS ENGINEERING",152,,,,,,
1670,"Sri Sairam Engineering College, Chennai-600044",IT,"INFORMATION TECHNOLOGY",160,,,,,,
1670,"Sri Sairam Engineering College, Chennai-600044",ME,"MECHANICAL ENGINEERING",145,,,,,,
College Code,College Name,Branch Code,Branch Name,OC,BC,BCM,MBC,SC,SCA,ST
1671,"Sri Sairam Institute of Technology (Autonomous), Sai Leo Nagar, West Tambaram, Chennai-600044",CS,"COMPUTER SCIENCE AND ENGINEERING",147,,,,,,
1671,"Sri Sairam Institute of Technology (Autonomous), Sai Leo Nagar, West Tambaram, Chennai-600044",EC,"ELECTRONICS AND COMMUNICATION ENGINEERING",141,,,,,,
1671,"Sri Sairam Institute of Technology (Autonomous), Sai Leo Nagar, West Tambaram, Chennai-600044",IT,"INFORMATION TECHNOLOGY",144,,,,,,
1671,"Sri Sairam Institute of Technology (Autonomous), Sai Leo Nagar, West Tambaram, Chennai-600044",ME,"MECHANICAL ENGINEERING",132,,,,,,
1673,"Sri Venkateswaraa College of Engineering, Sriperumbudur Taluk, Kanchipuram District-602105",CS,"COMPUTER SCIENCE AND ENGINEERING",121,,,,,,
1673,"Sri Venkateswaraa College of Engineering, Sriperumbudur Taluk, Kanchipuram District-602105",EC,"ELECTRONICS AND COMMUNICATION ENGINEERING",116,,,,,,
1673,"Sri Venkateswaraa College of Engineering, Sriperumbudur Taluk, Kanchipuram District-602105",IT,"INFORMATION TECHNOLOGY",118,,,,,,
1673,"Sri Venkateswaraa College of Engineering, Sriperumbudur Taluk, Kanchipuram District-602105",ME,"MECHANICAL ENGINEERING",112,,,,,,
1675,"Sri Krishna Engineering College, Panapakkam, Kanchipuram District",CS,"COMPUTER SCIENCE AND ENGINEERING",119,,,,,,
1675,"Sri Krishna Engineering College, Panapakkam, Kanchipuram District",EC,"ELECTRONICS AND COMMUNICATION ENGINEERING",113,,,,,,
1675,"Sri Krishna Engineering College, Panapakkam, Kanchipuram District",IT,"INFORMATION TECHNOLOGY",115,,,,,,
1675,"Sri Krishna Engineering College, Panapakkam, Kanchipuram District",ME,"MECHANICAL ENGINEERING",110,,,,,,
1677,"Sri Ramanujar Institute of Technology, Chennai",CS,"COMPUTER SCIENCE AND ENGINEERING",123,,,,,,
1677,"Sri Ramanujar Institute of Technology, Chennai",EC,"ELECTRONICS AND COMMUNICATION ENGINEERING",118,,,,,,
1677,"Sri Ramanujar Institute of Technology, Chennai",IT,"INFORMATION TECHNOLOGY",121,,,,,,
1677,"Sri Ramanujar Institute of Technology, Chennai",ME,"MECHANICAL ENGINEERING",114,,,,,,
1680,"Sri Krishna Engineering College, Thiruvallur District",CS,"COMPUTER SCIENCE AND ENGINEERING",116,,,,,,
1680,"Sri Krishna Engineering College, Thiruvallur District",EC,"ELECTRONICS AND COMMUNICATION ENGINEERING",111,,,,,,
1680,"Sri Krishna Engineering College, Thiruvallur District",IT,"INFORMATION TECHNOLOGY",114,,,,,,
1680,"Sri Krishna Engineering College, Thiruvallur District",ME,"MECHANICAL ENGINEERING",108,,,,,,
1683,"Sri Krishna Institute of Technology, Chennai",CS,"COMPUTER SCIENCE AND ENGINEERING",120,,,,,,
1683,"Sri Krishna Institute of Technology, Chennai",EC,"ELECTRONICS AND COMMUNICATION ENGINEERING",115,,,,,,
1683,"Sri Krishna Institute of Technology, Chennai",IT,"INFORMATION TECHNOLOGY",117,,,,,,
1683,"Sri Krishna Institute of Technology, Chennai",ME,"MECHANICAL ENGINEERING",110,,,,,,
1685,"Sri Venkateswara Engineering College, Thiruvallur",CS,"COMPUTER SCIENCE AND ENGINEERING",119,,,,,,
1685,"Sri Venkateswara Engineering College, Thiruvallur",EC,"ELECTRONICS AND COMMUNICATION ENGINEERING",114,,,,,,
1685,"Sri Venkateswara Engineering College, Thiruvallur",IT,"INFORMATION TECHNOLOGY",116,,,,,,
1685,"Sri Venkateswara Engineering College, Thiruvallur",ME,"MECHANICAL ENGINEERING",111,,,,,,
1688,"Sri Krishna Institute of Technology, Vellore",CS,"COMPUTER SCIENCE AND ENGINEERING",118,,,,,,
1688,"Sri Krishna Institute of Technology, Vellore",EC,"ELECTRONICS AND COMMUNICATION ENGINEERING",113,,,,,,
1688,"Sri Krishna Institute of Technology, Vellore",IT,"INFORMATION TECHNOLOGY",115,,,,,,
1688,"Sri Krishna Institute of Technology, Vellore",ME,"MECHANICAL ENGINEERING",110,,,,,,
1690,"Sri Venkateswara College of Engineering and Technology, Vellore District",CS,"COMPUTER SCIENCE AND ENGINEERING",122,,,,,,
1690,"Sri Venkateswara College of Engineering and Technology, Vellore District",EC,"ELECTRONICS AND COMMUNICATION ENGINEERING",117,,,,,,
1690,"Sri Venkateswara College of Engineering and Technology, Vellore District",IT,"INFORMATION TECHNOLOGY",120,,,,,,
1690,"Sri Venkateswara College of Engineering and Technology, Vellore District",ME,"MECHANICAL ENGINEERING",112,,,,,,
1693,"Sri Krishna Engineering College, Tiruvannamalai District",CS,"COMPUTER SCIENCE AND ENGINEERING",119,,,,,,
1693,"Sri Krishna Engineering College, Tiruvannamalai District",EC,"ELECTRONICS AND COMMUNICATION ENGINEERING",114,,,,,,
1693,"Sri Krishna Engineering College, Tiruvannamalai District",IT,"INFORMATION TECHNOLOGY",116,,,,,,
1693,"Sri Krishna Engineering College, Tiruvannamalai District",ME,"MECHANICAL ENGINEERING",111,,,,,,
1695,"Sri Krishna Institute of Technology, Tiruvannamalai",CS,"COMPUTER SCIENCE AND ENGINEERING",118,,,,,,
1695,"Sri Krishna Institute of Technology, Tiruvannamalai",EC,"ELECTRONICS AND COMMUNICATION ENGINEERING",113,,,,,,
1695,"Sri Krishna Institute of Technology, Tiruvannamalai",IT,"INFORMATION TECHNOLOGY",115,,,,,,
1695,"Sri Krishna Institute of Technology, Tiruvannamalai",ME,"MECHANICAL ENGINEERING",110,,,,,,
College Code,College Name,Branch Code,Branch Name,OC,BC,BCM,MBC,SC,SCA,ST
1698,"Sri Krishna Engineering College, Kallakurichi District",CS,"COMPUTER SCIENCE AND ENGINEERING",117,,,,,,
1698,"Sri Krishna Engineering College, Kallakurichi District",EC,"ELECTRONICS AND COMMUNICATION ENGINEERING",112,,,,,,
1698,"Sri Krishna Engineering College, Kallakurichi District",IT,"INFORMATION TECHNOLOGY",114,,,,,,
1698,"Sri Krishna Engineering College, Kallakurichi District",ME,"MECHANICAL ENGINEERING",109,,,,,,
1700,"Sri Venkateswara Engineering Institute, Kallakurichi",CS,"COMPUTER SCIENCE AND ENGINEERING",119,,,,,,
1700,"Sri Venkateswara Engineering Institute, Kallakurichi",EC,"ELECTRONICS AND COMMUNICATION ENGINEERING",114,,,,,,
1700,"Sri Venkateswara Engineering Institute, Kallakurichi",IT,"INFORMATION TECHNOLOGY",116,,,,,,
1700,"Sri Venkateswara Engineering Institute, Kallakurichi",ME,"MECHANICAL ENGINEERING",111,,,,,,
1702,"Sri Krishna Institute of Technology, Kallakurichi",CS,"COMPUTER SCIENCE AND ENGINEERING",118,,,,,,
1702,"Sri Krishna Institute of Technology, Kallakurichi",EC,"ELECTRONICS AND COMMUNICATION ENGINEERING",113,,,,,,
1702,"Sri Krishna Institute of Technology, Kallakurichi",IT,"INFORMATION TECHNOLOGY",115,,,,,,
1702,"Sri Krishna Institute of Technology, Kallakurichi",ME,"MECHANICAL ENGINEERING",110,,,,,,
1705,"Sri Krishna Engineering College, Villupuram",CS,"COMPUTER SCIENCE AND ENGINEERING",116,,,,,,
1705,"Sri Krishna Engineering College, Villupuram",EC,"ELECTRONICS AND COMMUNICATION ENGINEERING",111,,,,,,
1705,"Sri Krishna Engineering College, Villupuram",IT,"INFORMATION TECHNOLOGY",113,,,,,,
1705,"Sri Krishna Engineering College, Villupuram",ME,"MECHANICAL ENGINEERING",108,,,,,,
1708,"Sri Venkateswara College of Engineering, Villupuram District",CS,"COMPUTER SCIENCE AND ENGINEERING",121,,,,,,
1708,"Sri Venkateswara College of Engineering, Villupuram District",EC,"ELECTRONICS AND COMMUNICATION ENGINEERING",116,,,,,,
1708,"Sri Venkateswara College of Engineering, Villupuram District",IT,"INFORMATION TECHNOLOGY",119,,,,,,
1708,"Sri Venkateswara College of Engineering, Villupuram District",ME,"MECHANICAL ENGINEERING",112,,,,,,
1710,"Sri Krishna Institute of Technology, Villupuram District",CS,"COMPUTER SCIENCE AND ENGINEERING",117,,,,,,
1710,"Sri Krishna Institute of Technology, Villupuram District",EC,"ELECTRONICS AND COMMUNICATION ENGINEERING",112,,,,,,
1710,"Sri Krishna Institute of Technology, Villupuram District",IT,"INFORMATION TECHNOLOGY",114,,,,,,
1710,"Sri Krishna Institute of Technology, Villupuram District",ME,"MECHANICAL ENGINEERING",109,,,,,,
1712,"Sri Krishna Engineering Institute, Villupuram",CS,"COMPUTER SCIENCE AND ENGINEERING",118,,,,,,
1712,"Sri Krishna Engineering Institute, Villupuram",EC,"ELECTRONICS AND COMMUNICATION ENGINEERING",113,,,,,,
1712,"Sri Krishna Engineering Institute, Villupuram",IT,"INFORMATION TECHNOLOGY",115,,,,,,
1712,"Sri Krishna Engineering Institute, Villupuram",ME,"MECHANICAL ENGINEERING",110,,,,,,
1715,"Sri Krishna Engineering College, Cuddalore",CS,"COMPUTER SCIENCE AND ENGINEERING",116,,,,,,
1715,"Sri Krishna Engineering College, Cuddalore",EC,"ELECTRONICS AND COMMUNICATION ENGINEERING",111,,,,,,
1715,"Sri Krishna Engineering College, Cuddalore",IT,"INFORMATION TECHNOLOGY",113,,,,,,
1715,"Sri Krishna Engineering College, Cuddalore",ME,"MECHANICAL ENGINEERING",108,,,,,,
1718,"Sri Venkateswara Institute of Technology, Cuddalore District",CS,"COMPUTER SCIENCE AND ENGINEERING",120,,,,,,
1718,"Sri Venkateswara Institute of Technology, Cuddalore District",EC,"ELECTRONICS AND COMMUNICATION ENGINEERING",115,,,,,,
1718,"Sri Venkateswara Institute of Technology, Cuddalore District",IT,"INFORMATION TECHNOLOGY",118,,,,,,
1718,"Sri Venkateswara Institute of Technology, Cuddalore District",ME,"MECHANICAL ENGINEERING",111,,,,,,
1720,"Sri Krishna Institute of Engineering, Cuddalore",CS,"COMPUTER SCIENCE AND ENGINEERING",117,,,,,,
1720,"Sri Krishna Institute of Engineering, Cuddalore",EC,"ELECTRONICS AND COMMUNICATION ENGINEERING",112,,,,,,
1720,"Sri Krishna Institute of Engineering, Cuddalore",IT,"INFORMATION TECHNOLOGY",114,,,,,,
1720,"Sri Krishna Institute of Engineering, Cuddalore",ME,"MECHANICAL ENGINEERING",109,,,,,,
